<beans:beans xmlns="http://www.springframework.org/schema/security"
	xmlns:beans="http://www.springframework.org/schema/beans" xmlns:xsi="http://www.w3.org/2001/XMLSchema-instance"
	xsi:schemaLocation="http://www.springframework.org/schema/beans
	http://www.springframework.org/schema/beans/spring-beans-3.0.xsd
	http://www.springframework.org/schema/security http://www.springframework.org/schema/security/spring-security.xsd">


	<http auto-config="true" use-expressions="true">
		<intercept-url pattern="/AdminCheck*" access="ROLE_ADMIN" />
		<form-login login-page="/login" default-target-url="/AdminCheck" />
		<intercept-url pattern="/CustomerCheck**" access="ROLE_USER" />
		<form-login login-page="/login" default-target-url="/CustomerCheck" />
		<logout logout-success-url="/logout" />
	</http>
	<!-- <http> <intercept-url pattern="/AdminCheck*" access="ROLE_ADMIN"/> 
		<form-login login-page="/login" default-target-url="/AdminCheck"/> <logout 
		logout-success-url="/logout"/> </http> -->
	<authentication-manager>
		<authentication-provider>
			<jdbc-user-service data-source-ref="dataSource"
				users-by-username-query="select name,password,enabled from usermodel where name=?"
				authorities-by-username-query="select u1.name, u2.authority from usermodel u1, userrole u2 where u1.id = u2.userid and u1.name =?" />
		</authentication-provider>
	</authentication-manager>
</beans:beans>