<beans:beans xmlns="http://www.springframework.org/schema/security"
	xmlns:beans="http://www.springframework.org/schema/beans" 
	xmlns:xsi="http://www.w3.org/2001/XMLSchema-instance"
	xsi:schemaLocation="http://www.springframework.org/schema/beans
	http://www.springframework.org/schema/beans/spring-beans-3.0.xsd
	http://www.springframework.org/schema/security 
	http://www.springframework.org/schema/security/spring-security.xsd">
	<http auto-config="true" use-expressions="false">
	<intercept-url pattern="/CustomerLogin" access="ROLE_USER"/>
	<form-login  login-page="/login"  default-target-url="/CustomerLogin"/>
	</http>	  
	<authentication-manager>
	<authentication-provider>
	<jdbc-user-service data-source-ref="dataSource" 
	 users-by-username-query="select username,password,isenabled from user where username=?" 
	authorities-by-username-query="select user.username, userrole.authority from user , userrole  where user.userid = userrole.userroleid and user.username =?" />
	</authentication-provider>
	</authentication-manager>
</beans:beans>